<?xml version="1.0"?>
<!DOCTYPE net_list>
<net_list>
  <net><id>N29134</id>
    <pin><id>U1.2</id></pin>
    <pin><id>D6.1</id></pin>
    <pin><id>R7.1</id></pin>
    </net>
  <net><id>N01669</id>
    <pin><id>U1.4</id></pin>
    <pin><id>D4.1</id></pin>
    <pin><id>R9.1</id></pin>
    </net>
  <net><id>N01717</id>
    <pin><id>D3.1</id></pin>
    <pin><id>U1.5</id></pin>
    <pin><id>R10.1</id></pin>
    </net>
  <net><id>N01683</id>
    <pin><id>R11.1</id></pin>
    <pin><id>U1.6</id></pin>
    <pin><id>D2.1</id></pin>
    </net>
  <net><id>N01690</id>
    <pin><id>U1.7</id></pin>
    <pin><id>D1.1</id></pin>
    <pin><id>R12.1</id></pin>
    </net>
  <net><id>N00355</id>
    <pin><id>U10.3</id></pin>
    <pin><id>R2.2</id></pin>
    <pin><id>R12.2</id></pin>
    </net>
  <net><id>N25853</id>
    <pin><id>R28.1</id></pin>
    <pin><id>U9.7</id></pin>
    <pin><id>J1.2</id></pin>
    </net>
  <net><id>N25824</id>
    <pin><id>R22.1</id></pin>
    <pin><id>R28.2</id></pin>
    <pin><id>U9.6</id></pin>
    </net>
  <net><id>SW3</id>
    <pin><id>U1.8</id></pin>
    <pin><id>R35.1</id></pin>
    <pin><id>SW9.2</id></pin>
    <pin><id>SW9.1</id></pin>
    </net>
  <net><id>N24193</id>
    <pin><id>J1.1</id></pin>
    <pin><id>R27.1</id></pin>
    <pin><id>U9.1</id></pin>
    <pin><id>R22.2</id></pin>
    </net>
  <net><id>SW2</id>
    <pin><id>U1.9</id></pin>
    <pin><id>SW8.2</id></pin>
    <pin><id>R34.1</id></pin>
    <pin><id>SW8.1</id></pin>
    </net>
  <net><id>N24189</id>
    <pin><id>R20.1</id></pin>
    <pin><id>U9.2</id></pin>
    <pin><id>R27.2</id></pin>
    </net>
  <net><id>N01662</id>
    <pin><id>U1.3</id></pin>
    <pin><id>R8.1</id></pin>
    <pin><id>D5.1</id></pin>
    </net>
  <net><id>SW1</id>
    <pin><id>U1.10</id></pin>
    <pin><id>SW7.2</id></pin>
    <pin><id>R30.1</id></pin>
    <pin><id>SW7.1</id></pin>
    </net>
  <net><id>N23661</id>
    <pin><id>U10.1</id></pin>
    <pin><id>U10.2</id></pin>
    <pin><id>R26.1</id></pin>
    </net>
  <net><id>VCC</id>
    <pin><id>J2.16</id></pin>
    <pin><id>R24.2</id></pin>
    <pin><id>U1.1</id></pin>
    <pin><id>R35.2</id></pin>
    <pin><id>R34.2</id></pin>
    <pin><id>J2.2</id></pin>
    <pin><id>R29.3</id></pin>
    <pin><id>R33.1</id></pin>
    <pin><id>R30.2</id></pin>
    <pin><id>U7.3</id></pin>
    <pin><id>C5.2</id></pin>
    </net>
  <net><id>N23488</id>
    <pin><id>R26.2</id></pin>
    <pin><id>U9.3</id></pin>
    <pin><id>C3.1</id></pin>
    </net>
  <net><id>N20855</id>
    <pin><id>R25.1</id></pin>
    <pin><id>R23.2</id></pin>
    <pin><id>U7.1</id></pin>
    </net>
  <net><id>N00336</id>
    <pin><id>R5.2</id></pin>
    <pin><id>R4.1</id></pin>
    <pin><id>R9.2</id></pin>
    </net>
  <net><id>N00328</id>
    <pin><id>R3.2</id></pin>
    <pin><id>R2.1</id></pin>
    <pin><id>R11.2</id></pin>
    </net>
  <net><id>N00395</id>
    <pin><id>R10.2</id></pin>
    <pin><id>R4.2</id></pin>
    <pin><id>R3.1</id></pin>
    </net>
  <net><id>N00340</id>
    <pin><id>R6.2</id></pin>
    <pin><id>R5.1</id></pin>
    <pin><id>R8.2</id></pin>
    </net>
  <net><id>N00470</id>
    <pin><id>R7.2</id></pin>
    <pin><id>R6.1</id></pin>
    <pin><id>R13.2</id></pin>
    </net>
  <net><id>9V</id>
    <pin><id>J3.1</id></pin>
    <pin><id>U7.2</id></pin>
    <pin><id>U10.8</id></pin>
    <pin><id>C4.2</id></pin>
    <pin><id>U9.8</id></pin>
    </net>
  <net><id>N007140</id>
    <pin><id>D1.2</id></pin>
    <pin><id>R19.2</id></pin>
    </net>
  <net><id>0</id>
    <pin><id>J2.5</id></pin>
    <pin><id>U1.20</id></pin>
    <pin><id>C3.2</id></pin>
    <pin><id>U9.4</id></pin>
    <pin><id>U9.5</id></pin>
    <pin><id>R13.1</id></pin>
    <pin><id>R15.1</id></pin>
    <pin><id>R16.1</id></pin>
    <pin><id>R17.1</id></pin>
    <pin><id>R18.1</id></pin>
    <pin><id>R19.1</id></pin>
    <pin><id>SW9.3</id></pin>
    <pin><id>R23.1</id></pin>
    <pin><id>SW8.3</id></pin>
    <pin><id>J3.3</id></pin>
    <pin><id>J3.2</id></pin>
    <pin><id>J2.1</id></pin>
    <pin><id>C5.1</id></pin>
    <pin><id>C4.1</id></pin>
    <pin><id>R14.1</id></pin>
    <pin><id>R20.2</id></pin>
    <pin><id>U10.4</id></pin>
    <pin><id>R29.1</id></pin>
    <pin><id>SW7.3</id></pin>
    </net>
  <net><id>N209781</id>
    <pin><id>R25.2</id></pin>
    <pin><id>R24.1</id></pin>
    </net>
  <net><id>N35721</id>
    <pin><id>J2.15</id></pin>
    <pin><id>R33.2</id></pin>
    </net>
  <net><id>N35692</id>
    <pin><id>J2.14</id></pin>
    <pin><id>U1.18</id></pin>
    </net>
  <net><id>N35674</id>
    <pin><id>J2.13</id></pin>
    <pin><id>U1.15</id></pin>
    </net>
  <net><id>N35656</id>
    <pin><id>J2.12</id></pin>
    <pin><id>U1.14</id></pin>
    </net>
  <net><id>N35638</id>
    <pin><id>J2.11</id></pin>
    <pin><id>U1.13</id></pin>
    </net>
  <net><id>N35592</id>
    <pin><id>J2.6</id></pin>
    <pin><id>U1.12</id></pin>
    </net>
  <net><id>N35516</id>
    <pin><id>J2.4</id></pin>
    <pin><id>U1.11</id></pin>
    </net>
  <net><id>N006980</id>
    <pin><id>R18.2</id></pin>
    <pin><id>D2.2</id></pin>
    </net>
  <net><id>N006820</id>
    <pin><id>R17.2</id></pin>
    <pin><id>D3.2</id></pin>
    </net>
  <net><id>N006660</id>
    <pin><id>R16.2</id></pin>
    <pin><id>D4.2</id></pin>
    </net>
  <net><id>N35057</id>
    <pin><id>R29.2</id></pin>
    <pin><id>J2.3</id></pin>
    </net>
  <net><id>N006340</id>
    <pin><id>D6.2</id></pin>
    <pin><id>R14.2</id></pin>
    </net>
  <net><id>N006500</id>
    <pin><id>R15.2</id></pin>
    <pin><id>D5.2</id></pin>
    </net>
  <package><id>JACK_DC2</id>
    <device><id>CON3_JACK_DC2_CON3</id>
      <instance><id>J3</id></instance>
      </device>
    </package>
  <package><id>SW_SCHURTER_13019306L</id>
    <device><id>SW_TC_SPST_SW_SCHURTER_13019306</id>
      <instance><id>SW7</id></instance>
      <instance><id>SW8</id></instance>
      <instance><id>SW9</id></instance>
      </device>
    </package>
  <package><id>DIP20</id>
    <device><id>MSP430G2553_4_DIP20_MSP430G2553</id>
      <instance><id>U1</id></instance>
      </device>
    </package>
  <package><id>CAPCK05</id>
    <device><id>C_CAPCK05_10NF</id>
      <instance><id>C3</id></instance>
      </device>
    <device><id>C_CAPCK05_10U</id>
      <instance><id>C4</id></instance>
      <instance><id>C5</id></instance>
      </device>
    </package>
  <package><id>JUMPER2</id>
    <device><id>MLED81_JUMPER2_MLED81</id>
      <instance><id>D1</id></instance>
      <instance><id>D2</id></instance>
      <instance><id>D3</id></instance>
      <instance><id>D4</id></instance>
      <instance><id>D5</id></instance>
      <instance><id>D6</id></instance>
      </device>
    <device><id>CON2_JUMPER2_SPEAKER</id>
      <instance><id>J1</id></instance>
      </device>
    </package>
  <package><id>SIP16</id>
    <device><id>CON16_SIP16_LCD 1602</id>
      <instance><id>J2</id></instance>
      </device>
    </package>
  <package><id>RES400</id>
    <device><id>R_RES400_2K</id>
      <instance><id>R10</id></instance>
      <instance><id>R11</id></instance>
      <instance><id>R12</id></instance>
      <instance><id>R13</id></instance>
      <instance><id>R7</id></instance>
      <instance><id>R8</id></instance>
      <instance><id>R9</id></instance>
      </device>
    <device><id>R_RES400_470</id>
      <instance><id>R14</id></instance>
      <instance><id>R15</id></instance>
      <instance><id>R16</id></instance>
      <instance><id>R17</id></instance>
      <instance><id>R18</id></instance>
      <instance><id>R19</id></instance>
      <instance><id>R24</id></instance>
      </device>
    <device><id>R_RES400_1K</id>
      <instance><id>R2</id></instance>
      <instance><id>R23</id></instance>
      <instance><id>R3</id></instance>
      <instance><id>R33</id></instance>
      <instance><id>R4</id></instance>
      <instance><id>R5</id></instance>
      <instance><id>R6</id></instance>
      </device>
    <device><id>R_RES400_10K</id>
      <instance><id>R20</id></instance>
      <instance><id>R22</id></instance>
      <instance><id>R27</id></instance>
      <instance><id>R28</id></instance>
      <instance><id>R30</id></instance>
      <instance><id>R34</id></instance>
      <instance><id>R35</id></instance>
      </device>
    <device><id>R_RES400_150</id>
      <instance><id>R25</id></instance>
      </device>
    <device><id>R_RES400_33K</id>
      <instance><id>R26</id></instance>
      </device>
    </package>
  <package><id>JUMPER3</id>
    <device><id>POT_JUMPER3_1K</id>
      <instance><id>R29</id></instance>
      </device>
    </package>
  <package><id>DIP8_3</id>
    <device><id>LM358_0_DIP8_3_LM358</id>
      <instance><id>U10</id></instance>
      </device>
    <device><id>LM358_DIP8_3_LM358</id>
      <instance><id>U9</id></instance>
      </device>
    </package>
  <package><id>TO220AB</id>
    <device><id>LM317T_TO220AB_LM317K</id>
      <instance><id>U7</id></instance>
      </device>
    </package>
  </net_list>
